zones,Region,Area,Population,Density,pop_rate,log_pop,price_psqm_mean_hdb,price_psqm_median_hdb,price_psqm_mean_condo,price_psqm_median_condo,Single_rate,Married_rate,female_male_ratio,15-_rate,15-24_rate,25-54_rate,25-34_rate,35-44_rate,45-54_rate,55-64_rate,65+_rate,Chinese_rate,Malai_rate,Indian_rate,Other_ethnic_rate,Condominiums and Other Apartments,HDB 1- and 2-Room Flats,HDB 3-Room Flats,HDB 4-Room Flats,HDB 5-Room and Executive Flats,HUDC Flats (excluding those privatised),Landed Properties,Others,total,HDB_rate,condo_rate,Landed Properties_rate,No_Qualification_rate,Secondary_rate,University_rate,working_rate,unemployed_rate,eco_inactive_rate,Buddhism_rate,Islam_rate,Christinaity_rate,No Religion_rate,Hinduism_rate,Sikhism_rate,Below 1000,1000 - 1499,1500 - 1999,2000 - 2499,2500 - 2999,3000 - 3999,4000 - 4999,5000 - 5999,6000 - 6999,7000 - 7999,8000 - 8999,9000 - 9999,10000 - 10999,11000 - 11999,12000 over,Below_1000_rate,Above_10000_rate,1000-10000_rate,Manufacture_rate,Construction_rate,Services_rate,gold_collar_rate,white_collar_rate_cnt_mgt,white_collar_rate_not_cnt_mgt,blue_collar_rate,trans_work_less_15m_rate,trans_work_more_60m_rate,trans_btw_15_60m_rate,public_trans_rate,private_trans_rate,no_trans_need_rate,trans_sch_less_15m_rate,trans_sch_more_60m_rate,trans_sch_btw_15_60m_rate,Owner_rate,tenant_rate,1PER_rate,2PER_rate,3-5_PER_rate,6_PER_rate,Total_hsh_inc,No Working Person_hsh_inc,Below 1000_hsh_inc,1000 - 1999_hsh_inc,2000 - 2999_hsh_inc,3000 - 3999_hsh_inc,4000 - 4999_hsh_inc,5000 - 5999_hsh_inc,6000 - 6999_hsh_inc,7000 - 7999_hsh_inc,8000 - 8999_hsh_inc,9000 - 9999_hsh_inc,10000 - 10999_hsh_inc,11000 - 11999_hsh_inc,12000 - 12999_hsh_inc,13000 - 13999_hsh_inc,14000 - 14999_hsh_inc,15000 - 17499_hsh_inc,17500 - 19999_hsh_inc,20000 over_hsh_inc,no_working_rate_hsh_inc,below_5000_rate_hsh_inc,20000_over_rate_hsh_inc,below_8000_rate_hsh_inc,above_8000_rate_hsh_inc,no_fam_nucleus_rate,one_nuc_one_gen_rate,one_nuc_two+_gen_rate,two+_fam_nucleus_rate,inc_prv_Total,inc_prv_Below 1000,inc_prv_1000 - 1499,inc_prv_1500 - 1999,inc_prv_2000 - 2499,inc_prv_2500 - 2999,inc_prv_3000 - 3999,inc_prv_4000 - 4999,inc_prv_5000 - 5999,inc_prv_6000 - 6999,inc_prv_7000 - 7999,inc_prv_8000 & Over,inc_prv_Below_1000_rate,inc_prv_8000 & Over_rate,inc_prv_1000_7999_rate,hsh_inc_prv_Total,hsh_inc_prv_NoWorkingPerson,hsh_inc_prv_Below1000,hsh_inc_prv_1000-1999,hsh_inc_prv_2000-2999,hsh_inc_prv_3000-3999,hsh_inc_prv_4000-4999,hsh_inc_prv_5000-5999,hsh_inc_prv_6000-6999,hsh_inc_prv_7000-7999,hsh_inc_prv_8000-8999,hsh_inc_prv_9000-9999,hsh_inc_prv_10000&Over,hsh_inc_prv_no_working_rate,hsh_inc_prv_below_2000_rate,hsh_inc_prv_10000_over_rate,HDB_1-Room,HDB_2-Room,HDB_3-Room,HDB_4-Room,HDB_5-Room,HDB_executive,HDB_studio_apt,HDB_Total
ANGMOKIO,North-East,14,174770,12538,0.0447817,5.242466886,5069,5000,12030,12616,0.329516539,0.559160305,1.081123814,0.125241073,0.110805914,0.434924902,0.13026708,0.150020455,0.154637368,0.154871136,0.174156975,0.819877553,0.074726784,0.080963552,0.024432111,11960,12500,61840,44910,22050,0,16430,1240,170930,0.826654186,0.069970163,0.096121219,0.164600551,0.652892562,0.243801653,0.643765903,0.029262087,0.32697201,0.357506361,0.088422392,0.197201018,0.171119593,0.038167939,0.001272265,9.7,12.1,7.9,7.4,6.8,11.5,9.8,7.9,6,4,3.1,2.2,2.6,1.7,8.6,0.095849802,0.127470356,0.777667984,0.100790514,0.055335968,0.835968379,0.149209486,0.488142292,0.338932806,0.47826087,0.165137615,0.078491335,0.755351682,0.590683845,0.238850347,0.102081269,0.432176656,0.063091483,0.504731861,0.873801917,0.123003195,0.166134185,0.239616613,0.511182109,0.083067093,62.6,8.7,2.1,5.4,4.4,3.9,4,3.8,2.9,3.3,2.6,2.3,2.5,1.8,1.6,1.2,1.7,2.2,2,6.1,0.138977636,0.376996805,0.097444089,0.476038339,0.383386581,0.226837061,0.145367412,0.573482428,0.054313099,91070,12288,9085,8986,8850,7268,12491,8186,6040,4185,2724,10967,0.134929175,0.12042385,0.744646975,59705,8467,3136,5549,6055,5236,4565,3959,3357,2911,2442,1891,12137,0.141813918,0.145465204,0.203282807,1318,3506,24237,13682,5654,490,281,49168
BEDOK,East,22,289750,13361,0.0742433,5.462023445,4852,4776,12722,12686,0.320898686,0.574819839,1.055102333,0.132913156,0.122884602,0.435127794,0.134027439,0.147398844,0.153701511,0.154641688,0.15443276,0.720897325,0.151786022,0.086660915,0.040655738,50250,9900,60500,70940,47920,0,44960,2750,287220,0.6589374,0.174952998,0.15653506,0.125647059,0.726117647,0.296,0.637134379,0.025434506,0.337855023,0.299703264,0.181008902,0.220008478,0.158117847,0.041119118,0.004662993,12.2,13.6,12.1,9.7,9.6,17.2,13.4,12.2,9.2,5.4,5.1,4,4.5,2.7,19.4,0.081170991,0.176979375,0.741849634,0.090485695,0.03992016,0.860279441,0.19760479,0.567531603,0.369926813,0.408516301,0.162217659,0.062286105,0.776180698,0.567621586,0.279147235,0.083944037,0.355555556,0.098148148,0.548148148,0.899132321,0.094360087,0.136659436,0.220173536,0.548806941,0.096529284,92.2,10,2.2,7.2,4.1,5.3,5.3,6.2,5.2,3.2,4.4,2.9,2.7,3,3.3,2.6,2,4.2,3.5,15.1,0.10845987,0.328633406,0.163774403,0.419739696,0.473969631,0.193058568,0.14208243,0.610629067,0.054229935,147667,17582,13131,13185,13403,10797,19091,12647,10048,7684,4912,25187,0.119065194,0.170566206,0.7103686,91224,11143,3782,6857,7476,7362,6596,5825,5444,4352,3807,3298,25281,0.122149873,0.116625011,0.277131018,2530,2286,22639,20398,10390,2714,234,61191
BISHAN,Central,8,90700,11897,0.0232403,4.957607287,5624,5630,14350,14619,0.330275229,0.579292267,1.058004111,0.132933866,0.131713271,0.432201509,0.136484687,0.13903684,0.156679982,0.158788282,0.144363071,0.85137817,0.041455347,0.077177508,0.029988975,14940,1150,5320,30680,26590,0,10720,700,90100,0.707436182,0.16581576,0.118978912,0.091042584,0.792951542,0.37298091,0.648754915,0.024901704,0.326343381,0.27785059,0.036697248,0.302752294,0.221494102,0.056356488,0.001310616,3.9,3.7,2.2,2.9,2.4,4.6,4.7,3.8,2.7,2.8,3.1,1.8,1.8,1.6,7.6,0.078787879,0.222222222,0.701010101,0.096969697,0.036363636,0.858585859,0.236363636,0.668686869,0.432323232,0.292929293,0.121848739,0.042016807,0.836134454,0.576923077,0.315789474,0.072874494,0.277456647,0.069364162,0.653179191,0.910071942,0.082733813,0.097122302,0.194244604,0.629496403,0.082733813,27.8,2.6,0.5,1.3,1.1,0.9,1.3,1,1.1,1,1.7,1,0.9,1.4,1.2,1.2,0.9,1.3,1.8,5.5,0.09352518,0.21942446,0.197841727,0.294964029,0.607913669,0.143884892,0.125899281,0.68705036,0.043165468,46623,4283,2967,3239,3487,2966,5914,4651,3832,2892,2405,9987,0.09186453,0.21420758,0.69392789,27457,2855,595,1166,1390,1717,1616,1594,1684,1622,1380,1573,10264,0.10398077,0.06413665,0.373820884,396,5,2357,9359,5716,1660,171,19664
BOONLAY,West,8,30,4,0.0000077,1.477121255,,,,,,,,,,,,,,,,,,,,0,0,0,0,0,0,0,0,0,,,,,,,,,,,,,,,,,,,,,,,,,,,,,,,,,,,,,,,,,,,,,,,,,,,,,,,,,,,,,,,,,,,,,,,,,,,,,,,,,,,,,,,,,,,,,,,,,,,,,,,,,,,,,,,,,,,,,,,,,,,
BUKITBATOK,West,11,139270,12513,0.0356855,5.143857576,4473,4420,12058,11866,0.342214821,0.570358035,1.03055678,0.139343076,0.135798003,0.457169729,0.144552163,0.146216177,0.166401389,0.15851541,0.109173781,0.732912119,0.140508329,0.098578403,0.028001149,24870,1460,27460,49090,28450,0,5700,1030,138060,0.771114008,0.18013907,0.041286397,0.1121673,0.733840304,0.282319392,0.629475437,0.034138218,0.336386345,0.338051624,0.126561199,0.199833472,0.17235637,0.055786844,0.001665279,6.1,6.5,5.2,5.8,4.9,8.6,7.6,6.7,4.4,3.5,2.6,2.4,2.5,1.5,7.4,0.080687831,0.150793651,0.76984127,0.12037037,0.062169312,0.804232804,0.171957672,0.560846561,0.388888889,0.41005291,0.124830393,0.090909091,0.785617368,0.578807947,0.263576159,0.080794702,0.321799308,0.051903114,0.626297578,0.938636364,0.056818182,0.118181818,0.195454545,0.609090909,0.081818182,44,4.6,0.6,2.4,2.4,2.6,2.7,2.1,3.1,2.3,2.4,1.8,2,1.8,1.7,1,1.6,2.1,1.4,5.3,0.104545455,0.290909091,0.120454545,0.413636364,0.479545455,0.168181818,0.120454545,0.661363636,0.052272727,75001,7604,6520,6001,7170,5665,10458,7530,5374,3963,2668,12050,0.101385315,0.160664524,0.737976827,44133,3452,1136,2849,3486,3723,3537,3264,3024,2480,2172,1922,13088,0.078218113,0.090295244,0.296558131,385,242,10278,13851,4833,2732,177,32498
BUKITMERAH,Central,14,155840,10871,0.0399312,5.19267894,6410,6121,17639,17647,0.324528302,0.542641509,1.072289157,0.134689922,0.093023256,0.43494832,0.127648579,0.161369509,0.145930233,0.145413437,0.191925065,0.78676848,0.085985626,0.097022587,0.030223306,9540,25330,39520,46290,31640,0,510,1620,154450,0.924441567,0.061767562,0.003302039,0.182926829,0.641463415,0.252845528,0.620377358,0.02490566,0.354716981,0.381132075,0.085283019,0.185660377,0.198490566,0.038490566,0.006792453,8.5,9.2,6.9,6.6,4.4,8.3,7,5.5,4.7,4.2,3,2.1,2.2,1.5,8,0.103406326,0.142335766,0.753041363,0.065693431,0.032846715,0.894160584,0.144768856,0.496350365,0.351581509,0.4756691,0.208695652,0.050931677,0.740372671,0.643902439,0.209756098,0.103658537,0.408510638,0.068085106,0.527659574,0.802536232,0.19384058,0.201086957,0.286231884,0.454710145,0.05615942,55.2,10.8,2.1,6.1,3.6,2.7,2.7,2.1,2.2,2.3,1.6,1.8,1.7,1.4,1.6,1.4,1.7,2.3,1.6,5.4,0.195652174,0.349637681,0.097826087,0.43115942,0.371376812,0.277173913,0.170289855,0.509057971,0.041666667,78447,11884,8178,6569,7040,5438,9560,7610,5964,3820,3152,9232,0.151490815,0.117684551,0.730824633,55627,10311,4142,5324,4495,3767,3679,3602,2918,2553,2342,1809,10685,0.185359628,0.170169162,0.192082981,4731,5777,15965,15369,9477,44,469,51832
BUKITPANJANG,West,9,139030,15467,0.0356240,5.143108523,4183,4109,11691,11930,0.307692308,0.630434783,1.016103748,0.166183643,0.137697038,0.464833534,0.159539125,0.149855093,0.155439316,0.137838411,0.093447374,0.742914689,0.15990505,0.074090059,0.023090203,16200,2540,10360,58330,50580,0,3230,160,141400,0.86145686,0.1145686,0.022842999,0.115168539,0.728464419,0.248127341,0.669732441,0.030100334,0.300167224,0.348662207,0.163043478,0.144648829,0.175585284,0.030936455,0.001672241,5.1,6.5,5.2,6.3,6.5,10.5,8.3,7.2,5.5,3.8,3.4,2.6,2,1,6.1,0.063670412,0.11360799,0.821473159,0.134831461,0.053682896,0.79525593,0.149812734,0.524344569,0.374531835,0.438202247,0.079646018,0.123893805,0.796460177,0.520599251,0.305867665,0.061173533,0.37987013,0.051948052,0.564935065,0.953883495,0.046116505,0.072815534,0.174757282,0.648058252,0.104368932,41.2,2.3,0.5,1.7,2.2,2.3,2.4,2.4,2.9,2.9,2.5,2.4,2.3,1.5,1.8,1.8,1.2,2.2,1.6,4.4,0.055825243,0.279126214,0.106796117,0.419902913,0.526699029,0.101941748,0.128640777,0.708737864,0.063106796,66005,7457,6177,6021,6268,5555,9670,6581,5143,3262,2267,7605,0.11297629,0.115218544,0.771820317,36339,2260,846,2324,3092,3261,3250,3069,2618,2453,2223,1623,9320,0.062192135,0.087234101,0.256473761,223,539,3678,16699,10425,3381,380,35325
BUKITTIMAH,Central,18,74470,4248,0.0190816,4.871981354,6288,6345,15253,15318,0.282571912,0.668358714,1.15406481,0.166930589,0.128397994,0.425178147,0.111111111,0.150435471,0.163631565,0.133808393,0.145684877,0.861420706,0.010205452,0.049013025,0.079360816,34930,130,1030,2760,3610,0,32270,900,75630,0.099563665,0.461853762,0.426682533,0.034220532,0.920152091,0.61026616,0.622673435,0.020304569,0.357021997,0.17428088,0.011844332,0.473773266,0.253807107,0.027072758,0,2.1,1.4,1.2,1.2,0.7,2.1,2,2.9,1.3,1.9,1.6,1.5,2.2,1.1,13.7,0.057065217,0.461956522,0.483695652,0.089673913,0.02173913,0.883152174,0.385869565,0.866847826,0.480978261,0.10326087,0.150724638,0.052173913,0.797101449,0.33423913,0.559782609,0.073369565,0.370860927,0.01986755,0.609271523,0.874476987,0.108786611,0.10041841,0.150627615,0.594142259,0.158995816,23.9,2.9,0.3,0.7,0.4,0.4,0.2,0.3,0.3,0.7,0.7,0.2,0.9,0.4,0.7,0.4,0.5,1.2,1.9,10.6,0.121338912,0.09623431,0.443514644,0.138075314,0.732217573,0.129707113,0.158995816,0.644351464,0.062761506,32557,1875,999,765,1264,1085,2501,2293,2133,1898,1784,15961,0.057591301,0.490247873,0.452191541,20658,2612,344,340,528,569,761,602,625,467,610,561,12639,0.12644012,0.033110659,0.611821086,0,35,441,920,682,380,97,2555
CENTRALWATERCATCHMENT,North,37,10,0,0.0000026,1,,,,,,,,,,,,,,,,,,,,0,0,0,0,0,0,0,0,0,,,,,,,,,,,,,,,,,,,,,,,,,,,,,,,,,,,,,,,,,,,,,,,,,,,,,,,,,,,,,,,,,,,,,,,,,,,,,,,,,,,,,,,,,,,,,,,,,,,,,,,,,,,,,,,,,,,,,,,,,,,
CHANGI,East,41,2530,62,0.0006483,3.403120521,4564,4545,8674,7983,0.241595442,0.694586895,0.923076923,0.24,0.124,0.452,0.108,0.2,0.144,0.088,0.096,0.4743083,0.28458498,0.185770751,0.055335968,30,0,440,0,10,0,390,1580,2450,0.183673469,0.012244898,0.159183673,0.092638037,0.771779141,0.106748466,0.672364672,0.021082621,0.306552707,0.215384615,0.377207977,0.094586895,0.090598291,0.128774929,0.017663818,,,,,,,,,,,,,,,,,,,0.038135593,0.011016949,0.944915254,0.097457627,0.273728814,0.176271186,0.686440678,0.590673575,0.055267703,0.35492228,0.204603581,0.171355499,0.439897698,0.234404537,0.047258979,0.718336484,0.332904884,0.440874036,0.224935733,0.165809769,0.532133676,7.71E-05,,,,,,,,,,,,,,,,,,,,,,,,,,0.262210797,0.156812339,0.539845758,0.041131105,1180,123,103,59,65,59,114,329,157,57,30,83,0.104237288,0.070338983,0.824576271,778,31,25,37,59,84,139,94,60,21,42,38,147,0.039845758,0.079691517,0.188946015,,,,,,,,
CHANGIBAY,East,2,0,0,0.0000000,0,,,,,,,,,,,,,,,,,,,,0,0,0,0,0,0,0,0,0,,,,,,,,,,,,,,,,,,,,,,,,,,,,,,,,,,,,,,,,,,,,,,,,,,,,,,,,,,,,,,,,,,,,,,,,,,,,,,,,,,,,,,,,,,,,,,,,,,,,,,,,,,,,,,,,,,,,,,,,,,,
CHOACHUKANG,West,6,174330,28513,0.0446690,5.24137213,3861,3850,8375,8313,0.332217013,0.599464166,1.005929738,0.154721401,0.169501924,0.464721959,0.140275531,0.143733616,0.180712812,0.129789726,0.08126499,0.708099117,0.16995526,0.094470575,0.027475049,16400,4180,5920,77040,72640,0,2510,460,179150,0.891878314,0.091543399,0.014010606,0.094980695,0.740540541,0.243243243,0.651038178,0.02545211,0.32283992,0.319490958,0.174815807,0.14735432,0.188211654,0.057602143,0,7.3,7.8,6.3,7.5,6.5,14.5,10.6,8,5.9,5.4,5,2.6,2.2,1.3,6.5,0.075102881,0.102880658,0.824074074,0.150205761,0.056584362,0.775720165,0.125514403,0.530864198,0.405349794,0.432098765,0.087184874,0.133403361,0.778361345,0.61277034,0.23069001,0.067971164,0.348668281,0.05811138,0.595641646,0.963488844,0.030425963,0.056795132,0.152129817,0.681541582,0.109533469,49.3,2.4,0.6,2,3.1,2.9,2.8,3,2.8,2.6,3.3,3.2,2.5,2.3,1.6,2.1,2,3.7,2,4.3,0.048681542,0.292089249,0.087221095,0.401622718,0.547667343,0.09127789,0.101419878,0.732251521,0.073022312,87543,8586,6920,7293,8085,7315,13485,9934,7314,5033,3463,10112,0.098077516,0.11550895,0.786379265,47912,2356,846,2463,3491,4099,4213,3911,3926,3583,3288,2839,12899,0.049173485,0.069064118,0.269222742,355,878,2137,22485,15293,4762,515,46425
CLEMENTI,West,9,91630,9650,0.0234786,4.962037687,5395,5311,13070,13000,0.297111417,0.592847318,1.09775641,0.138273491,0.103459566,0.446032959,0.13227109,0.161082615,0.152679254,0.141874932,0.170359053,0.771497163,0.108577041,0.082933217,0.03699258,14440,2730,28360,26720,12180,0,5850,1330,91610,0.763999563,0.157624713,0.063857657,0.14962963,0.705185185,0.306666667,0.631361761,0.019257221,0.349381018,0.323246217,0.112792297,0.233837689,0.224209078,0.028885832,0.001375516,3.8,3.6,2.4,2.3,2.6,5,4.3,3.6,3.1,3.2,1.7,1.8,1.7,1,6.1,0.082788671,0.191721133,0.732026144,0.089324619,0.043572985,0.8583878,0.196078431,0.62745098,0.431372549,0.355119826,0.14573991,0.049327354,0.804932735,0.596949891,0.263616558,0.078431373,0.42962963,0.014814815,0.555555556,0.893687708,0.096345515,0.172757475,0.262458472,0.50166113,0.063122924,30.1,3.9,0.8,1.9,1.6,1.6,1.7,1.7,1.7,1.2,1.5,1.2,1.1,1,0.8,0.7,0.7,1.7,1.1,4.5,0.129568106,0.3089701,0.149501661,0.405315615,0.475083056,0.23255814,0.159468439,0.564784053,0.043189369,46003,4982,3465,3366,4113,3503,5917,4716,3574,2518,1831,8017,0.108297285,0.174271243,0.717409734,30792,4321,1239,2098,2488,2319,2074,2251,1859,1520,1155,1124,8344,0.140328657,0.108372304,0.270979475,474,716,11947,8593,2915,619,0,25264
DOWNTOWNCORE,Central,4,3720,857,0.0009532,3.57054294,6870,6363,23217,23026,0.354498947,0.540475474,1.114457831,0.085470085,0.062678063,0.515669516,0.156695157,0.193732194,0.165242165,0.136752137,0.199430199,0.798387097,0.010752688,0.086021505,0.10483871,1150,0,1110,970,10,0,0,240,3480,0.600574713,0.33045977,0,0.176224227,0.665592784,0.325386598,0.592837797,0.015046645,0.392115558,0.407463136,0.036111947,0.179656937,0.209449293,0.024375564,0.009930785,,,,,,,,,,,,,,,,,,,0.055329949,0.016751269,0.927918782,0.193401015,0.614720812,0.421319797,0.361928934,0.466702184,0.006925946,0.526904635,0.478663239,0.174807198,0.261182519,0.28045977,0.032183908,0.689655172,0.713785864,0.243526942,0.289013296,0.230930721,0.417074878,0.062281316,,,,,,,,,,,,,,,,,,,,,,,,,,0.372988104,0.126662001,0.844646606,0.052484255,1970,223,170,187,95,111,257,188,125,147,72,395,0.11319797,0.200507614,0.686294416,1429,198,40,112,110,98,85,103,110,95,84,47,346,0.138558432,0.10636809,0.242127362,2075,1316,4739,3529,903,9,0,12571
GEYLANG,Central,10,116960,12129,0.0299689,5.06803736,5259,5098,13530,13945,0.322510823,0.553030303,1.018634622,0.126736261,0.114399103,0.444827884,0.141230265,0.150720387,0.152877232,0.155120352,0.158916401,0.752842609,0.130631786,0.084637086,0.031888518,18150,10160,30310,32370,16210,0,6530,2110,115840,0.768732735,0.15668163,0.056370856,0.161556604,0.689858491,0.251179245,0.664502165,0.024891775,0.310606061,0.348484848,0.155844156,0.16017316,0.195887446,0.035714286,0.005411255,6.5,5.9,4.4,5.3,3.5,7.8,5.7,4.4,3.5,2.4,2.4,2,1.5,1,4.9,0.105863192,0.120521173,0.770358306,0.091205212,0.066775244,0.835504886,0.14495114,0.509771987,0.364820847,0.459283388,0.210169492,0.052542373,0.737288136,0.616013072,0.196078431,0.125816993,0.340659341,0.06043956,0.598901099,0.848,0.141333333,0.173333333,0.232,0.512,0.082666667,37.5,4.9,1.2,2.7,2.8,2.7,2.3,1.9,2,1.5,2.2,1.4,1.9,1.1,0.7,0.7,1,2,1.2,3.3,0.130666667,0.362666667,0.088,0.456,0.413333333,0.258666667,0.141333333,0.557333333,0.042666667,61514,8518,6710,6324,5824,5246,8376,5592,4027,2546,1929,6422,0.138472543,0.104398999,0.757128459,40285,6097,2425,3980,3774,3563,3103,2760,2352,1781,1424,1146,7881,0.151346655,0.158992181,0.195631128,1044,3214,11705,9607,3591,830,239,30230
HOUGANG,North-East,14,222310,15960,0.0569630,5.346958999,4461,4422,11501,11155,0.339653304,0.575839653,1.034857195,0.131121076,0.135874439,0.446143498,0.145695067,0.139910314,0.160538117,0.15941704,0.127443946,0.817290392,0.079390068,0.081144297,0.022175243,24370,4380,26310,86420,54880,0,22450,4040,222850,0.771774736,0.109356069,0.100740408,0.137028015,0.699756395,0.243605359,0.654387866,0.02383532,0.322318527,0.387323944,0.086673889,0.190682557,0.189599133,0.037378115,0.000541712,10.1,10.8,8.2,10.4,7.7,17,11.8,11.1,7.4,5,4.1,2.8,3.2,1.9,9.2,0.083609272,0.118377483,0.79718543,0.101821192,0.062086093,0.82781457,0.149006623,0.518211921,0.369205298,0.448675497,0.140425532,0.069787234,0.789787234,0.587406794,0.26014913,0.085335543,0.344110855,0.092378753,0.565819861,0.940902022,0.052877138,0.090202177,0.188180404,0.622083981,0.097978227,64.3,5.4,1.4,3.1,4.3,4.4,4.1,3.6,4.2,3.7,3.8,2.8,2.7,2.3,2.3,1.9,1.3,3.1,2.8,7.2,0.083981337,0.32503888,0.111975117,0.447900467,0.469673406,0.132192846,0.116640747,0.684292379,0.066874028,110594,13476,10904,10694,11210,9084,15528,10729,7496,5252,3593,12626,0.121851095,0.114165325,0.763965495,62285,5058,1749,4899,5714,5905,5223,5084,4501,3487,3118,2697,14850,0.081207353,0.106735169,0.238420165,532,917,10318,25238,10844,4310,365,52524
JURONGEAST,West,18,84980,4767,0.0217746,4.929316727,4554,4558,13771,15238,0.317280453,0.590651558,1.012357414,0.133679735,0.123405763,0.447567312,0.14985829,0.146905999,0.150803023,0.15918753,0.13615966,0.707494999,0.161666078,0.107659725,0.023179198,6810,2140,18540,28180,28440,0,0,480,84590,0.9138196,0.08050597,0,0.150621118,0.709627329,0.242236025,0.652974504,0.026912181,0.320113314,0.247875354,0.195467422,0.134560907,0.186968839,0.066572238,0.007082153,4.3,4.1,3.3,3.6,3.8,5.2,5.4,3.6,2.8,2.2,1.7,1,1.2,0.5,3.4,0.093275488,0.110629067,0.796095445,0.143167028,0.045553145,0.796095445,0.123644252,0.496746204,0.373101952,0.470715835,0.144444444,0.071111111,0.784444444,0.605664488,0.226579521,0.080610022,0.362416107,0.040268456,0.597315436,0.952941176,0.047058824,0.129411765,0.192156863,0.584313725,0.098039216,25.5,2.8,0.2,1,2,1.6,1.7,1.5,1.5,1.6,1.1,1.4,1.2,0.9,1.2,0.4,0.5,1.4,0.8,2.6,0.109803922,0.31372549,0.101960784,0.435294118,0.450980392,0.180392157,0.125490196,0.631372549,0.062745098,44946,5206,4025,4044,4476,3948,6734,4389,3415,2237,1634,4838,0.115827882,0.107640279,0.776531838,26292,2470,814,1639,2303,2350,2277,2166,1824,1663,1449,1195,6143,0.093944926,0.093298342,0.233645215,352,418,7006,8188,5925,1871,137,23897
JURONGWEST,West,15,272660,18564,0.0698643,5.43562143,4237,4253,11252,11061,0.304551255,0.620586984,0.985242291,0.164392174,0.134916232,0.475942158,0.151115056,0.168719257,0.156107844,0.132253412,0.092496024,0.697693182,0.178347453,0.099350864,0.024608501,12340,7330,35480,105010,105260,0,4460,440,270320,0.936223735,0.0456496,0.016498964,0.12529663,0.702895112,0.225913621,0.675031901,0.027647809,0.297320289,0.373458103,0.173543173,0.099106763,0.171841769,0.06507869,0.002977456,13.4,13.8,11.6,12.3,11.1,22.8,19.3,13.6,8.7,9.6,5.8,4,3,1.8,7.7,0.084436043,0.078764965,0.835538752,0.187775677,0.064902331,0.731568998,0.122243226,0.481411468,0.359168242,0.478890989,0.149032258,0.092258065,0.758709677,0.562223626,0.233101706,0.070751737,0.429752066,0.044628099,0.525619835,0.933823529,0.0625,0.084558824,0.171568627,0.629901961,0.113970588,81.6,5.6,1.2,4.8,4.2,5.1,5.4,4.6,5.6,6,5.4,5,3.4,4.1,3.2,3.6,1.8,4.2,2.6,6,0.068627451,0.31004902,0.073529412,0.452205882,0.481617647,0.116421569,0.12622549,0.681372549,0.075980392,138273,15601,12625,13057,15217,12885,22082,15387,10327,6763,4099,10231,0.112827522,0.073991307,0.813188403,78083,5400,2157,5174,7286,8217,7557,6606,6526,5553,4520,3653,15434,0.069157179,0.093887274,0.197661463,540,1732,12659,28457,21569,6507,639,72103
KALLANG,Central,9,101210,11038,0.0259333,5.005223425,5917,5661,14934,14583,0.329009434,0.548349057,1.012241622,0.127954523,0.096838536,0.447292311,0.128752369,0.164057046,0.154482896,0.149895283,0.178019348,0.748937852,0.078845964,0.142871258,0.029344926,17490,12520,27030,24900,15330,0,1480,1510,100260,0.795731099,0.174446439,0.01476162,0.172413793,0.674329502,0.284802043,0.653301887,0.029481132,0.317216981,0.340801887,0.089622642,0.179245283,0.212264151,0.064858491,0.012971698,4.3,5.8,3.9,4.8,3.1,7.1,4.8,3.8,3.5,2.1,1.6,1.7,1.3,0.9,6.6,0.077617329,0.158844765,0.761732852,0.07400722,0.048736462,0.868231047,0.182310469,0.5433213,0.36101083,0.444043321,0.206703911,0.040968343,0.752327747,0.624548736,0.218411552,0.102888087,0.331125828,0.039735099,0.629139073,0.805479452,0.189041096,0.221917808,0.252054795,0.460273973,0.063013699,36.5,4.8,1.2,2.8,2.5,2.6,1.8,1.6,2.2,1.6,1.6,1.2,1.6,1.5,1.3,1.1,0.6,1,0.9,4.6,0.131506849,0.342465753,0.126027397,0.446575342,0.421917808,0.293150685,0.150684932,0.515068493,0.04109589,50022,7651,5157,4759,4560,3761,6185,4268,2993,2239,1543,6906,0.152952701,0.138059254,0.708988045,35474,6429,2588,3460,2957,2721,2356,2021,1726,1550,1337,1213,7117,0.181231324,0.170491064,0.20062581,4401,2530,13321,10178,5392,504,38,36364
LIMCHUKANG,North,17,90,5,0.0000231,1.954242509,,,,,,,,,,,,,,,,,,,,0,0,0,0,0,0,0,0,0,,,,,,,,,,,,,,,,,,,,,,,,,,,,,,,,,,,,,,,,,,,,,,,,,,,,,,,,,,,,,,,,,,,,,,,,,,,,,,,,,,,,,,,,,,,,,,,,,,,,,,,,,,,,,,,,,,,,,,,,,,,
MANDAI,North,12,2120,180,0.0005432,3.326335861,,,8672,7997,0.285933897,0.661798616,1.128712871,0.162790698,0.153488372,0.460465116,0.134883721,0.162790698,0.162790698,0.11627907,0.106976744,0.802816901,0.051643192,0.112676056,0.03286385,1290,0,0,0,0,0,770,90,2150,0,0.6,0.358139535,0.115514334,0.774873524,0.336424958,0.615680246,0.023827825,0.360491929,0.264411991,0.043812452,0.209838586,0.213681783,0.089930822,0,,,,,,,,,,,,,,,,,,,0.200998752,0.031210986,0.760299625,0.323345818,0.712858926,0.389513109,0.232209738,0.18504436,0.06590621,0.747782003,0.29463171,0.571785268,0.031210986,0.287925697,0.080495356,0.631578947,0.871165644,0.100204499,0.134969325,0.098159509,0.593047035,0.171779141,,,,,,,,,,,,,,,,,,,,,,,,,,0.188139059,0.112474438,0.646216769,0.053169734,801,69,53,19,25,25,106,39,64,51,120,230,0.086142322,0.287141074,0.626716604,489,74,0,19,0,13,0,32,13,31,53,6,248,0.151329243,0.038854806,0.507157464,,,,,,,,
MARINAEAST,Central,2,0,0,0.0000000,0,,,,,,,,,,,,,,,,,,,,0,0,0,0,0,0,0,0,0,,,,,,,,,,,,,,,,,,,,,,,,,,,,,,,,,,,,,,,,,,,,,,,,,,,,,,,,,,,,,,,,,,,,,,,,,,,,,,,,,,,,,,,,,,,,,,,,,,,,,,,,,,,,,,,,,,,,,,,,,,,
MARINASOUTH,Central,2,0,0,0.0000000,0,,,,,,,,,,,,,,,,,,,,0,0,0,0,0,0,0,0,0,,,,,,,,,,,,,,,,,,,,,,,,,,,,,,,,,,,,,,,,,,,,,,,,,,,,,,,,,,,,,,,,,,,,,,,,,,,,,,,,,,,,,,,,,,,,,,,,,,,,,,,,,,,,,,,,,,,,,,,,,,,
MARINEPARADE,Central,6,48730,7966,0.0124862,4.687796411,6379,6323,15483,15214,0.323119777,0.562674095,1.12741652,0.153448988,0.106361008,0.43535729,0.111524164,0.168525403,0.155307724,0.129698472,0.175134242,0.75148779,0.072029551,0.123332649,0.05315001,17160,3700,6730,5170,5580,0,9480,500,48320,0.438327815,0.35513245,0.196192053,0.1,0.781818182,0.406060606,0.598885794,0.025069638,0.376044568,0.231197772,0.08913649,0.311977716,0.250696379,0.04735376,0.013927577,1.6,1.2,1.4,0.9,1,2.3,1.8,1.6,1.1,1,1,0.7,0.7,0.5,4.8,0.074418605,0.279069767,0.651162791,0.079069767,0.03255814,0.88372093,0.31627907,0.71627907,0.4,0.260465116,0.192307692,0.048076923,0.759615385,0.495327103,0.378504673,0.079439252,0.422535211,0.056338028,0.507042254,0.815789474,0.171052632,0.144736842,0.282894737,0.5,0.065789474,15.2,2.7,0.3,0.7,0.8,0.7,0.6,0.6,0.7,0.4,0.3,0.6,0.4,0.5,0.5,0.3,0.3,0.6,0.5,3.6,0.177631579,0.243421053,0.236842105,0.315789474,0.5,0.210526316,0.177631579,0.552631579,0.059210526,21204,1940,1248,1099,1441,1125,2216,1813,1553,1292,891,6587,0.091492171,0.310648934,0.597906055,15498,3029,525,813,906,910,728,692,677,449,694,403,5671,0.195444573,0.08633372,0.365918183,0,1350,3037,1798,1677,0,0,7862
MUSEUM,Central,1,380,458,0.0000974,2.579783597,,,22883,23333,,,1.105263158,0.175,0.05,0.65,0.15,0.325,0.175,0.125,0,0.594594595,,0.108108108,0.297297297,370,0,0,0,0,0,0,30,400,0,0.925,0,,,,,,,,,,,,,,,,,,,,,,,,,,,,,,,,,,,,,,,,,,,,,,,,,,,,,,,,,,,,,,,,,,,,,,,,,,,,,,,,,,,,,,,,,,,,,,,,,,,,,,,,,,,,,,,,,,,,,,,,
NEWTON,Central,2,6920,3345,0.0017731,3.840106094,,,26865,26015,0.28347125,0.639719924,1.174174174,0.168508287,0.095303867,0.464088398,0.10359116,0.179558011,0.180939227,0.129834254,0.142265193,0.703757225,0.00867052,0.112716763,0.174855491,6320,0,0,0,0,0,520,230,7070,0,0.893917963,0.073550212,0.021683376,0.94707391,0.650268128,0.568003395,0.012730745,0.41926586,0.211330363,0.035009548,0.388924252,0.237852748,0.083174199,0.00466794,,,,,,,,,,,,,,,,,,,0.086664176,0.022786702,0.881957415,0.517743743,0.920433321,0.402689578,0.05715353,0.421031587,0.003598561,0.575769692,0.224914805,0.586520257,0.112457402,0.420183486,0,0.580733945,0.551264368,0.383908046,0.203218391,0.222988506,0.486896552,0.086896552,,,,,,,,,,,,,,,,,,,,,,,,,,0.317701149,0.182528736,0.487816092,0.011954023,2677,149,77,57,144,71,203,167,135,148,89,1437,0.05565932,0.53679492,0.40754576,2175,441,28,34,59,72,71,77,102,51,64,25,1152,0.202758621,0.028505747,0.529655172,,,,,,,,
NORTH-EASTERNISLANDS,North-East,43,60,1,0.0000154,1.77815125,,,,,,,,,,,,,,,,,,,,0,0,0,0,0,0,0,0,0,,,,,,,,,,,,,,,,,,,,,,,,,,,,,,,,,,,,,,,,,,,,,,,,,,,,,,,,,,,,,,,,,,,,,,,,,,,,,,,,,,,,,,,,,,,,,,,,,,,,,,,,,,,,,,,,,,,,,,,,,,,
NOVENA,Central,9,47990,5344,0.0122966,4.68115075,5257,5075,16656,16249,0.327956989,0.594086022,1.066176471,0.155118275,0.104249529,0.450282604,0.117856395,0.172074524,0.160351685,0.131672598,0.158676994,0.809335278,0.043967493,0.08772661,0.058970619,17890,2100,7710,6600,4930,0,7360,1050,47640,0.447942905,0.375524769,0.154492024,0.119883041,0.769005848,0.435672515,0.639784946,0.021505376,0.338709677,0.309139785,0.069892473,0.279569892,0.23655914,0.034946237,0.005376344,1.5,2.1,1.4,1.1,0.9,2.2,1.9,1.6,1.4,0.9,0.6,0.7,0.9,0.6,5.8,0.06302521,0.306722689,0.621848739,0.054621849,0.050420168,0.890756303,0.235294118,0.651260504,0.415966387,0.327731092,0.19650655,0.03930131,0.755458515,0.504201681,0.336134454,0.113445378,0.417721519,0.012658228,0.556962025,0.828025478,0.159235669,0.133757962,0.23566879,0.535031847,0.095541401,15.7,1.9,0.1,0.8,0.7,0.5,0.7,0.9,0.7,0.5,0.5,0.4,0.8,0.3,0.6,0.5,0.2,0.7,0.8,4.3,0.121019108,0.23566879,0.27388535,0.312101911,0.579617834,0.197452229,0.159235669,0.611464968,0.031847134,22673,2262,1689,1545,1677,1369,2491,1836,1705,1159,820,6120,0.099766242,0.26992458,0.630309178,15207,2194,559,1138,1009,1046,815,784,667,636,533,423,5404,0.144275663,0.111593345,0.355362662,2075,1316,4739,3529,903,9,0,12571
ORCHARD,Central,1,920,960,0.0002357,2.963787827,,,27437,26618,,,1.071428571,0.137931034,0.068965517,0.448275862,0.114942529,0.172413793,0.16091954,0.172413793,0.172413793,0.673913043,0.010869565,0.076086957,0.239130435,760,0,0,0,0,0,0,80,840,0,0.904761905,0,,,,,,,,,,,,,,,,,,,,,,,,,,,,,,,,,,,,,,,,,,,,,,,,,,,,,,,,,,,,,,,,,,,,,,,,,,,,,,,,,,,,,,,,,,,,,,,,,,,,,,,,,,,,,,,,,,,,,,,,
OUTRAM,Central,1,22080,16082,0.0056576,4.343999069,7963,8083,14331,12857,0.293103448,0.574712644,0.991658943,0.138203816,0.069799907,0.430432759,0.120521173,0.171242438,0.138669148,0.148906468,0.21265705,0.816123188,0.08740942,0.07201087,0.024456522,1780,6430,5420,5130,2200,0,0,480,21440,0.894589552,0.083022388,0,0.195121951,0.68902439,0.268292683,0.672413793,0.011494253,0.310344828,0.33908046,0.109195402,0.166666667,0.235632184,0.034482759,0.011494253,0.9,1.9,0.8,0.7,0.7,1.2,0.9,0.9,0.8,0.3,0.5,0.1,0.4,0.2,1.2,0.076923077,0.153846154,0.752136752,0.05982906,0.017094017,0.923076923,0.145299145,0.52991453,0.384615385,0.452991453,0.330434783,0.034782609,0.634782609,0.547008547,0.128205128,0.256410256,0.428571429,0,0.571428571,0.69047619,0.30952381,0.25,0.30952381,0.404761905,0.035714286,8.4,1.2,0.4,1.1,0.8,0.4,0.4,0.5,0.4,0.3,0.3,0.2,0.4,0.2,0.2,0.1,0,0.3,0.3,0.9,0.142857143,0.428571429,0.107142857,0.511904762,0.345238095,0.392857143,0.154761905,0.428571429,0.023809524,8441,2105,1034,778,777,539,932,555,460,348,143,770,0.249378036,0.091221419,0.659400545,7388,2009,1076,928,557,513,407,312,293,180,154,98,861,0.27192745,0.271250677,0.116540336,2075,1316,4739,3529,903,9,0,12571
PASIRRIS,East,15,139890,9313,0.0358443,5.14578667,4099,4071,9857,9789,0.336683417,0.597152429,1.023772464,0.148790379,0.179834988,0.453782688,0.128024053,0.137603132,0.188155503,0.132359111,0.085232835,0.671313175,0.203159625,0.085209808,0.040317392,27290,1320,810,41080,64390,0,7400,610,142900,0.752974108,0.190972708,0.051784465,0.078662734,0.815142576,0.237954769,0.653266332,0.030988275,0.315745394,0.275544389,0.216917923,0.221105528,0.180904523,0.040201005,0.002512563,7,4.4,4.4,5.7,4.3,9.9,9,6.6,5.5,3.4,3.3,2.9,2.1,1.5,7.9,0.08974359,0.147435897,0.761538462,0.111538462,0.046153846,0.835897436,0.179487179,0.579487179,0.4,0.375641026,0.146082337,0.126162019,0.729083665,0.543589744,0.294871795,0.078205128,0.342857143,0.142857143,0.511428571,0.945812808,0.049261084,0.071428571,0.167487685,0.620689655,0.142857143,40.6,2.2,0.3,1.5,1.3,1.7,1.6,2.7,2.3,2.3,2.2,2.9,2.3,2.2,2.3,1,1.7,2.7,1.7,5.7,0.054187192,0.224137931,0.140394089,0.337438424,0.608374384,0.103448276,0.115763547,0.719211823,0.064039409,65991,5596,4362,5193,5465,5273,9449,7292,5606,4134,2861,10760,0.084799442,0.163052537,0.75214802,36057,1694,449,1416,1992,2667,2832,2931,2971,2567,2350,1825,12364,0.046981169,0.05172366,0.342901517,176,326,491,11641,9379,7460,181,29654
PAYALEBAR,East,12,40,3,0.0000102,1.602059991,,,,,,,,,,,,,,,,,,,,0,0,0,0,0,0,0,0,0,,,,,,,,,,,,,,,,,,,,,,,,,,,,,,,,,,,,,,,,,,,,,,,,,,,,,,,,,,,,,,,,,,,,,,,,,,,,,,,,,,,,,,,,,,,,,,,,,,,,,,,,,,,,,,,,,,,,,,,,,,,
PIONEER,West,12,100,8,0.0000256,2,,,,,,,,,,,,,,,,,,,,0,0,0,0,0,0,0,0,0,,,,,,,,,,,,,,,,,,,,,,,,,,,,,,,,,,,,,,,,,,,,,,,,,,,,,,,,,,,,,,,,,,,,,,,,,,,,,,,,,,,,,,,,,,,,,,,,,,,,,,,,,,,,,,,,,,,,,,,,,,,
PUNGGOL,North-East,9,109750,11747,0.0281215,5.040404529,4716,4727,9496,8801,0.183353438,0.738238842,1.023890785,0.251724667,0.077265062,0.531350606,0.198145025,0.221293883,0.111911697,0.076881803,0.062777863,0.773414723,0.131924198,0.070335277,0.024325802,9480,5440,9060,57110,48770,0,290,240,130390,0.923230309,0.072704962,0.002224097,0.089032258,0.806451613,0.344516129,0.728588661,0.021712907,0.248492159,0.344993969,0.102533172,0.182147165,0.214716526,0.049457177,0.007237636,3.6,3.2,2.8,3,3.5,7.1,6.2,6.1,5.5,4.9,3.8,2.8,1.7,1.5,4.6,0.059602649,0.129139073,0.809602649,0.107615894,0.044701987,0.836092715,0.158940397,0.632450331,0.473509934,0.339403974,0.088135593,0.076271186,0.833898305,0.595356551,0.28026534,0.056384743,0.463917526,0.067010309,0.469072165,0.960843373,0.039156627,0.054216867,0.222891566,0.65060241,0.069277108,33.2,1.7,0.6,0.9,1.6,1.4,1.7,1.7,2,1.8,1.7,2.1,2.1,1.7,2,1.8,1.7,3,2.1,1.7,0.051204819,0.237951807,0.051204819,0.352409639,0.59939759,0.075301205,0.177710843,0.692771084,0.054216867,31603,1979,1883,2304,2640,2555,5003,3971,3250,2273,1644,4102,0.062620637,0.129797804,0.807613201,18043,806,175,690,1090,1371,1527,1579,1674,1339,1348,1030,5415,0.044671064,0.04794103,0.300116389,871,1412,3639,19631,14612,1126,456,41747
QUEENSTOWN,Central,20,98050,4801,0.0251236,4.991447598,6531,6346,15192,16062,0.334963325,0.533007335,1.114152345,0.13578884,0.09875552,0.450722601,0.139201124,0.159273384,0.152248093,0.130871136,0.183861903,0.789210687,0.088925148,0.081582704,0.04028146,11130,9020,33550,26140,14650,0,3710,1200,99400,0.838631791,0.111971831,0.037323944,0.147058824,0.701871658,0.298128342,0.601466993,0.028117359,0.371638142,0.312958435,0.100244499,0.249388753,0.201711491,0.046454768,0.001222494,4.1,4.2,3.5,3.2,3.1,4.8,4.8,3.8,3.2,2.3,2,1.6,1.5,1.1,5.8,0.083333333,0.170731707,0.741869919,0.067073171,0.030487805,0.892276423,0.176829268,0.587398374,0.410569106,0.386178862,0.166666667,0.042194093,0.791139241,0.63803681,0.220858896,0.096114519,0.387755102,0.034013605,0.585034014,0.892957746,0.101408451,0.211267606,0.270422535,0.461971831,0.05915493,35.5,6.6,0.8,2.5,2.4,1.8,2.2,1.7,1.9,1.7,1.5,1.3,1.2,1.1,1.2,0.8,1,1,0.9,4,0.185915493,0.321126761,0.112676056,0.422535211,0.394366197,0.298591549,0.135211268,0.529577465,0.036619718,46307,5710,4254,3477,3948,2987,5836,4385,3220,2600,1818,8073,0.123307491,0.174336493,0.70237761,34365,6642,1753,2832,2733,2601,2061,2174,1789,1525,1330,1068,7856,0.193278045,0.133420631,0.228604685,575,3246,14210,8794,3972,354,353,31504
RIVERVALLEY,Central,1,9190,6231,0.0023548,3.963315511,,,22745,22470,0.32835131,0.588597843,1.147465438,0.157725322,0.093347639,0.503218884,0.118025751,0.206008584,0.179184549,0.118025751,0.127682403,0.7,0.009782609,0.138043478,0.152173913,8500,0,0,0,0,0,760,80,9340,0,0.91006424,0.08137045,0.036412677,0.897167903,0.603169252,0.609553159,0.02449923,0.365947612,0.204930663,0.014637904,0.404776579,0.234206471,0.093374422,0.001232666,,,,,,,,,,,,,,,,,,,0.053842265,0.023255814,0.919110212,0.389534884,0.885237614,0.49570273,0.09908999,0.417541028,0.014527845,0.567931127,0.300025753,0.523049189,0.108678857,0.425064599,0.012919897,0.561369509,0.600800582,0.333333333,0.215065502,0.179767103,0.481077147,0.124090247,,,,,,,,,,,,,,,,,,,,,,,,,,0.312590975,0.114992722,0.537117904,0.0356623,3956,129,75,93,159,190,308,271,298,249,147,2037,0.032608696,0.514914055,0.45247725,2748,387,6,26,131,96,117,74,77,92,66,57,1618,0.140829694,0.011644833,0.588791849,,,,,,,,
ROCHOR,Central,2,14590,9034,0.0037384,4.164055292,6181,5970,19340,19540,0.339813375,0.550622084,0.979423868,0.113652114,0.088704089,0.452529453,0.128205128,0.171864172,0.152460152,0.146916147,0.198198198,0.717123288,0.043835616,0.202739726,0.03630137,2000,810,4890,4660,790,0,160,1010,14320,0.778631285,0.139664804,0.011173184,0.200725922,0.582932388,0.194479615,0.597978227,0.018973561,0.383048212,0.404354588,0.085458787,0.129471229,0.170762053,0.091135303,0.015085537,,,,,,,,,,,,,,,,,,,0.082444733,0.041612484,0.865929779,0.141612484,0.490507152,0.348894668,0.49479844,0.34865486,0.030688117,0.620657023,0.522210471,0.182707562,0.207826547,0.337612934,0.053732763,0.608178792,0.783716949,0.189081225,0.218565722,0.236827088,0.467947499,0.076469469,,,,,,,,,,,,,,,,,,,,,,,,,,0.298268975,0.140954917,0.492105764,0.068670344,7690,950,770,683,825,623,1099,791,504,345,241,858,0.123537061,0.111573472,0.764759428,5257,888,253,378,429,512,464,386,273,252,203,203,1012,0.168917634,0.120030436,0.192505231,2075,1316,4739,3529,903,9,0,12571
SELETAR,North-East,10,270,26,0.0000692,2.431363764,,,,,,,1.2,0.136363636,0.136363636,0.545454545,0.045454545,0.272727273,0.227272727,0.181818182,0,0.62962963,,0.148148148,0.222222222,0,0,0,0,0,0,230,0,230,0,0,1,,,,,,,,,,,,,,,,,,,,,,,,,,,,,,,,,,,,,,,,,,,,,,,,,,,,,,,,,,,,,,,,,,,,,,,,,,,,,,,,,,,,,,,,,,,,,,,,,,,,,,,,,,,,,,,,,,,,,,,,
SEMBAWANG,North,12,76530,6203,0.0196095,4.883831713,4097,4084,8981,8764,0.285053929,0.645608629,1.020125457,0.193427352,0.124595679,0.491396041,0.144650019,0.189934015,0.156812007,0.114115668,0.076465261,0.727688488,0.134849079,0.093950085,0.043512348,2870,2260,1040,29080,37700,0,3750,530,77230,0.907419397,0.037161725,0.048556261,0.085910653,0.76975945,0.26975945,0.728813559,0.016949153,0.252696456,0.340523883,0.13559322,0.189522342,0.200308166,0.038520801,0.006163328,3.2,3.6,3,4.1,2.6,6.6,4.4,4.5,3.7,3.2,2.2,1.7,1.4,0.7,2.3,0.067653277,0.093023256,0.837209302,,,,0.131078224,0.543340381,0.412262156,0.427061311,0.11038961,0.142857143,0.746753247,0.648305085,0.203389831,0.069915254,0.427777778,0.122222222,0.45,0.956709957,0.038961039,0.060606061,0.186147186,0.632034632,0.121212121,23.1,0.7,0.1,0.5,1.1,1.2,1.2,2,1.5,1.6,1.7,1.4,1.6,1.2,0.9,1,0.8,1.8,1,1.9,0.03030303,0.264069264,0.082251082,0.398268398,0.575757576,0.077922078,0.134199134,0.722943723,0.064935065,37948,3381,2899,3347,3496,3226,6073,4546,3509,2146,1643,3683,0.089095605,0.097053863,0.813876884,20613,829,317,839,1547,1795,1996,2072,1885,1525,1390,1047,5370,0.040217339,0.056081114,0.260515209,321,768,349,8447,7556,2870,0,20311
SENGKANG,North-East,11,206680,19511,0.0529581,5.315298453,4648,4549,10214,10142,0.249156355,0.686726659,1.032598629,0.207809368,0.10953162,0.498860944,0.167896847,0.193457263,0.137506834,0.107663568,0.0761345,0.776998258,0.109251016,0.088058835,0.025691891,14360,6280,9060,94010,93450,0,1600,620,219380,0.924423375,0.065457198,0.007293281,0.110555903,0.742660837,0.292941911,0.699100112,0.024746907,0.276152981,0.398200225,0.107986502,0.14735658,0.192913386,0.05568054,0.001124859,7.5,7.9,7.7,9.9,8,16.4,14.2,11.1,8.8,7.4,6.2,3.7,4,2.3,9.3,0.060337892,0.125502816,0.814963797,0.102172164,0.048270314,0.837489944,0.144006436,0.567980692,0.423974256,0.40305712,0.092851274,0.077239113,0.829909614,0.625302176,0.234488316,0.066075745,0.439516129,0.060483871,0.497983871,0.962848297,0.035603715,0.046439628,0.207430341,0.650154799,0.09752322,64.6,2.2,0.6,2.5,3.9,3.2,4.1,3.9,4.1,4.8,4,3.9,3.2,3.4,3.4,2.3,2.1,4.5,2.7,6,0.034055728,0.281733746,0.092879257,0.419504644,0.549535604,0.06501548,0.160990712,0.713622291,0.058823529,88047,7501,6695,7274,8422,6933,13515,10326,7734,5865,3949,9833,0.085193135,0.11167899,0.803127875,47787,1800,558,2333,3488,4025,4005,4421,4026,3831,3428,2832,13040,0.037667148,0.060497625,0.272877561,685,1479,3341,29405,23134,4462,541,63047
SERANGOON,North-East,10,120670,11945,0.0309195,5.081599313,5021,5000,13272,13638,0.354661792,0.55393053,1.06997587,0.12256453,0.135553705,0.422231474,0.139134055,0.130308077,0.152789342,0.168193172,0.151457119,0.84073583,0.04284057,0.088995691,0.027427909,14720,1200,10900,34380,22390,0,35360,1030,119980,0.574012335,0.122687115,0.294715786,0.107505071,0.778904665,0.332657201,0.623400366,0.02285192,0.353747715,0.287934186,0.067641682,0.274223035,0.198354662,0.054844607,0.003656307,4.6,5.9,3.9,4.4,3.2,8.7,6.5,6.1,3.8,2.8,2.2,1.8,1.9,1.7,10.7,0.06744868,0.209677419,0.7228739,0.080645161,0.048387097,0.860703812,0.228739003,0.627565982,0.398826979,0.332844575,0.125574273,0.058192956,0.816232772,0.560939794,0.328928047,0.079295154,0.346846847,0.072072072,0.581081081,0.930769231,0.058974359,0.102564103,0.207692308,0.569230769,0.123076923,39,4.5,0.6,1.5,1.5,1.6,1.9,2.2,1.7,1.8,1.8,1.7,1.2,1.5,1.3,1.3,0.7,2.4,1.5,8.3,0.115384615,0.238461538,0.212820513,0.328205128,0.556410256,0.156410256,0.115384615,0.658974359,0.069230769,62322,6381,4769,4292,4882,4515,8147,5755,4632,3444,2572,12934,0.1023876,0.20753506,0.690093386,35986,3669,863,1853,2299,2448,2626,2533,2152,1690,1822,1548,12484,0.101956316,0.075473795,0.346912688,272,324,4543,10231,3753,2365,0,21488
SIMPANG,North,5,0,0,0.0000000,0,,,,,,,,,,,,,,,,,,,,0,0,0,0,0,0,0,0,0,,,,,,,,,,,,,,,,,,,,,,,,,,,,,,,,,,,,,,,,,,,,,,,,,,,,,,,,,,,,,,,,,,,,,,,,,,,,,,,,,,,,,,,,,,,,,,,,,,,,,,,,,,,,,,,,,,,,,,,,,,,
SINGAPORERIVER,Central,1,2720,2842,0.0006970,3.434568904,,,19472,19399,0.361050328,0.554339898,1.057553957,0.192307692,0.066433566,0.576923077,0.118881119,0.27972028,0.178321678,0.083916084,0.08041958,0.6875,0.003676471,0.080882353,0.227941176,2680,0,0,0,0,0,0,170,2850,0,0.940350877,0,0.028287462,0.951070336,0.695718654,0.656455142,0.004376368,0.33916849,0.208606856,0.033552152,0.40408461,0.299781182,0.039387309,0,,,,,,,,,,,,,,,,,,,0.066666667,0,0.907777778,0.465555556,0.961111111,0.495555556,0.038888889,0.560587515,0.009791922,0.429620563,0.268018018,0.528153153,0.13963964,0.567307692,0,0.427884615,0.587719298,0.357142857,0.484962406,0.204260652,0.284461153,0.026315789,,,,,,,,,,,,,,,,,,,,,,,,,,0.533834586,0.187969925,0.259398496,0.01754386,900,41,0,0,15,20,45,43,72,52,50,562,0.045555556,0.624444444,0.33,798,117,19,0,9,25,24,37,29,19,34,12,472,0.146616541,0.023809524,0.591478697,,,,,,,,
SOUTHERNISLANDS,Central,6,1480,244,0.0003792,3.170261715,,,20279,19245,,,1,0.185185185,0.111111111,0.518518519,0.092592593,0.172839506,0.25308642,0.12962963,0.055555556,0.547297297,0.013513514,0.101351351,0.337837838,1010,0,0,0,0,0,570,20,1600,0,0.63125,0.35625,,,,,,,,,,,,,,,,,,,,,,,,,,,,,,,,,,,,,,,,,,,,,,,,,,,,,,,,,,,,,,,,,,,,,,,,,,,,,,,,,,,,,,,,,,,,,,,,,,,,,,,,,,,,,,,,,,,,,,,,
STRAITSVIEW,Central,1,0,0,0.0000000,0,,,,,,,,,,,,,,,,,,,,0,0,0,0,0,0,0,0,0,,,,,,,,,,,,,,,,,,,,,,,,,,,,,,,,,,,,,,,,,,,,,,,,,,,,,,,,,,,,,,,,,,,,,,,,,,,,,,,,,,,,,,,,,,,,,,,,,,,,,,,,,,,,,,,,,,,,,,,,,,,
SUNGEIKADUT,North,16,850,53,0.0002178,2.929418926,,,7692,6963,,,1.111111111,0.105263158,0.105263158,0.368421053,0.118421053,0.105263158,0.144736842,0.118421053,0.302631579,0.835294118,,0.129411765,0.035294118,0,0,0,0,0,0,670,130,800,0,0,0.8375,,,,,,,,,,,,,,,,,,,,,,,,,,,,,,,,,,,,,,,,,,,,,,,,,,,,,,,,,,,,,,,,,,,,,,,,,,,,,,,,,,,,,,,,,,,,,,,,,,,,,,,,,,,,,,,,,,,,,,,,
TAMPINES,East,21,261230,12506,0.0669355,5.41702305,4572,4523,9820,9353,0.344640585,0.581897873,1.038706632,0.139036814,0.14582851,0.447441537,0.151308173,0.137879139,0.158254226,0.158833063,0.108860076,0.671681213,0.214400551,0.082529475,0.031388761,25130,4920,34520,101800,87010,0,4530,1210,259120,0.880866008,0.096982093,0.017482248,0.116876819,0.73957323,0.243452958,0.659473457,0.028916703,0.31160984,0.306862322,0.235217954,0.169615883,0.159689253,0.037116962,0.005610703,13,12.7,10.5,11.7,10.3,20.6,16.9,12.8,10.1,7.1,5.6,3.4,3.7,2.6,11.6,0.085078534,0.117146597,0.796465969,0.095549738,0.043193717,0.851439791,0.135471204,0.515052356,0.379581152,0.44960733,0.148296593,0.10487642,0.746826987,0.597112861,0.230971129,0.080052493,0.351247601,0.140115163,0.508637236,0.952440551,0.043804756,0.101376721,0.187734668,0.596996245,0.112640801,79.9,5.3,1.4,3.4,4.1,4.7,5.2,4.9,5,4.9,4.2,4.8,4.2,3.6,2.8,2.5,3,4.6,3.8,7.6,0.066332916,0.296620776,0.095118899,0.420525657,0.514392991,0.146433041,0.120150188,0.662077597,0.07008761,131051,14180,12057,11534,13252,11525,19380,13511,9446,6743,4568,14853,0.10820215,0.113337556,0.778445033,73591,5294,1812,4646,5922,6302,6235,6142,5625,5011,4418,3729,18454,0.071938145,0.087755296,0.25076436,775,740,13107,28631,17312,5846,649,67060
TANGLIN,Central,8,19000,2492,0.0048684,4.278753601,6588,6428,19913,19381,0.25,0.666666667,1.15536105,0.175634518,0.102538071,0.466497462,0.105076142,0.183248731,0.178172589,0.124873096,0.130456853,0.745263158,0.01,0.101578947,0.143157895,14730,0,40,210,250,0,4160,280,19670,0.02541942,0.748856126,0.211489578,0.015267176,0.977099237,0.72519084,0.625,0,0.368055556,0.194444444,0.020833333,0.416666667,0.222222222,0.104166667,0,0.6,0.1,0,0.3,0.1,0.4,0.8,0.3,0.2,0.5,0.4,0.1,0.3,0.1,4.8,0.066666667,0.577777778,0.355555556,0.1,0,0.9,0.555555556,0.933333333,0.377777778,0.044444444,0.352941176,0.011764706,0.635294118,0.280898876,0.617977528,0.056179775,0.424242424,0.03030303,0.545454545,0.7,0.271428571,0.171428571,0.185714286,0.542857143,0.1,7,1,0.1,0.1,0.2,0.2,0.3,0.1,0.2,0.2,0.3,0.1,0.1,0.1,0.2,0,0.2,0.4,0,3.6,0.142857143,0.142857143,0.514285714,0.2,0.714285714,0.228571429,0.2,0.528571429,0.028571429,8025,343,122,124,218,276,614,542,599,355,252,4581,0.042741433,0.570841121,0.386542056,5588,737,84,63,122,138,155,165,129,121,214,114,3546,0.131889764,0.026306371,0.634574087,,,,,,,,
TENGAH,West,7,10,1,0.0000026,1,,,,,,,,,,,,,,,,,,,,0,0,0,0,0,0,0,0,0,,,,,,,,,,,,,,,,,,,,,,,,,,,,,,,,,,,,,,,,,,,,,,,,,,,,,,,,,,,,,,,,,,,,,,,,,,,,,,,,,,,,,,,,,,,,,,,,,,,,,,,,,,,,,,,,,,,,,,,,,,,
TOAPAYOH,Central,8,124940,15298,0.0320137,5.096701502,5460,5209,14410,14686,0.343836886,0.543095459,1.091867982,0.128334418,0.108815875,0.429082628,0.125975927,0.149723487,0.153383214,0.14964216,0.184124919,0.818167267,0.079391757,0.07434974,0.028091236,8390,11400,37460,30610,24730,2850,5840,1500,122780,0.871884672,0.068333605,0.04756475,0.1525941,0.683621567,0.260427263,0.638554217,0.026876738,0.334569045,0.34476367,0.075996293,0.227988879,0.201112141,0.050046339,0.000926784,6.3,6.3,5,5.2,4.9,8.4,7.1,5.4,3.6,2.9,2.5,1.9,1.9,1.4,6.1,0.091436865,0.136429608,0.772133527,0.084179971,0.046444122,0.863570392,0.155297533,0.53701016,0.381712627,0.438316401,0.166666667,0.040540541,0.792792793,0.655523256,0.186046512,0.103197674,0.32038835,0.058252427,0.626213592,0.853828306,0.141531323,0.174013921,0.269141531,0.487238979,0.069605568,43.1,6,1.6,3.8,3.1,2.6,2.8,1.9,2.3,1.9,1.7,2.3,1.2,1.1,0.8,1.1,0.8,2.1,1.3,4.7,0.139211137,0.366589327,0.109048724,0.464037123,0.39675174,0.257540603,0.164733179,0.535962877,0.041763341,62125,8776,5956,5396,5762,4745,8767,5968,4325,2825,2130,7475,0.141263581,0.120321932,0.738414487,42977,7132,2894,3914,3850,3425,3052,2501,2254,2056,1924,1518,8456,0.165949229,0.158410312,0.196756405,1168,3654,15122,9756,6017,854,300,36871
TUAS,West,30,70,2,0.0000179,1.84509804,,,,,,,,,,,,,,,,,,,,0,0,0,0,0,0,0,0,0,,,,,,,,,,,,,,,,,,,,,,,,,,,,,,,,,,,,,,,,,,,,,,,,,,,,,,,,,,,,,,,,,,,,,,,,,,,,,,,,,,,,,,,,,,,,,,,,,,,,,,,,,,,,,,,,,,,,,,,,,,,
WESTERNISLANDS,West,39,0,0,0.0000000,0,,,,,,,,,,,,,,,,,,,,0,0,0,0,0,0,0,0,0,,,,,,,,,,,,,,,,,,,,,,,,,,,,,,,,,,,,,,,,,,,,,,,,,,,,,,,,,,,,,,,,,,,,,,,,,,,,,,,,,,,,,,,,,,,,,,,,,,,,,,,,,,,,,,,,,,,,,,,,,,,
WESTERNWATERCATCHMENT,West,69,900,13,0.0002306,2.954242509,,,,,,,1.216216216,0.158536585,0.146341463,0.475609756,0.12195122,0.195121951,0.158536585,0.134146341,0.085365854,0.820224719,,0.101123596,0.078651685,0,0,0,0,0,0,0,800,800,0,0,0,,,,,,,,,,,,,,,,,,,,,,,,,,,,,,,,,,,,,,,,,,,,,,,,,,,,,,,,,,,,,,,,,,,,,,,,,,,,,,,,,,,,,,,,,,,,,,,,,,,,,,,,,,,,,,,,,,,,,,,,
WOODLANDS,North,14,250290,18424,0.0641324,5.398443498,3940,3916,8687,8249,0.315998019,0.607231303,0.989960159,0.166573236,0.164491071,0.471690558,0.144229999,0.154080243,0.173380316,0.120885721,0.076359414,0.614431836,0.248961163,0.111115551,0.02549145,11200,7600,19020,105810,104460,0,600,960,249650,0.948888444,0.044862808,0.002403365,0.11036036,0.716779279,0.193693694,0.667657256,0.026250619,0.306092125,0.339772164,0.228330857,0.126300149,0.142644874,0.063397722,0.003467063,10.9,11.9,12.3,13,11,18.2,14.9,11.4,9.3,6.1,4.9,3,2.2,1,4.8,0.080860534,0.059347181,0.860534125,0.165430267,0.071216617,0.75,0.09272997,0.447329377,0.354599407,0.511869436,0.130204391,0.158970477,0.710825132,0.615727003,0.198071217,0.080118694,0.401420959,0.072824156,0.525754885,0.936079545,0.0625,0.083806818,0.188920455,0.598011364,0.129261364,70.4,4.5,1.1,3.5,5.1,3.7,6.2,5.5,5.5,4.9,4.5,4.2,3.4,2.3,2.6,2,2.1,3.3,2.4,3.8,0.063920455,0.356534091,0.053977273,0.504261364,0.434659091,0.123579545,0.134943182,0.663352273,0.078125,121587,13616,12090,13356,14055,11385,18991,12570,8264,5643,3472,8145,0.111985656,0.06698907,0.821025274,68279,4249,1779,5266,6722,6898,7096,6192,5640,4566,4242,3162,12467,0.062229968,0.103179601,0.182589083,1603,1284,6348,27859,19639,6191,855,63779
YISHUN,North,21,201970,9507,0.0517512,5.305286865,4232,4215,10457,10411,0.306442252,0.597214161,1.021094976,0.15199767,0.127627555,0.474246323,0.168260595,0.151220933,0.154764794,0.144036118,0.102092335,0.704525201,0.168036439,0.100158432,0.027279929,11570,4920,39720,99140,44000,0,5430,1070,205850,0.912217634,0.056205975,0.026378431,0.146590185,0.680050988,0.197578075,0.692396982,0.022054556,0.284968079,0.352292513,0.179338363,0.121300058,0.156703424,0.071967499,0.000580383,10.3,13.1,10.3,10.2,9,18,12.3,10.3,5.8,4.6,4.6,2.8,2.2,1.3,4.5,0.086336966,0.067057837,0.846605197,0.109807209,0.06789606,0.808885163,0.109807209,0.450963956,0.341156748,0.510477787,0.130360206,0.124356775,0.746140652,0.626890756,0.195798319,0.097478992,0.406593407,0.098901099,0.494505495,0.945945946,0.049284579,0.112877583,0.220985692,0.575516693,0.090620032,62.9,4.9,0.9,3.9,4.8,4.3,4.5,4.6,4.2,4,4.9,3.6,2.7,2.8,1.9,1.7,1.2,2.7,1.9,3.4,0.077901431,0.365659777,0.054054054,0.496025437,0.426073132,0.155802862,0.146263911,0.621621622,0.074721781,93894,11485,10715,10648,10374,8790,13619,9033,5965,3828,2565,6872,0.122318785,0.073188915,0.8044923,53576,4367,1534,4817,5820,5294,5295,4745,3850,3267,2738,2229,9620,0.081510378,0.118541884,0.179558011,1038,1200,14530,28155,9169,2741,705,57538
